dt,future_dt,humidity,pop,pressure,temp_max,temp_min,uvi,weather_id,wind_speed,wind_gust,rain,snow
"2025-04-02 15:46:20","2025-04-02 12:00:00",63,0,1023,12.86,5.53,3.97,800,6.91,14.05,0,0
"2025-04-02 15:46:20","2025-04-03 12:00:00",80,0.84,1022,12.26,6.4,3.36,500,6.89,14.46,0.72,0
"2025-04-02 15:46:20","2025-04-04 12:00:00",81,0.99,1023,13.33,8.57,2.69,500,6.4,14.98,0.55,0
"2025-04-02 15:46:20","2025-04-05 12:00:00",69,0,1025,10.65,5.94,3.27,800,6.37,12.43,0,0
"2025-04-02 15:46:20","2025-04-06 12:00:00",52,0,1023,12.77,5.68,3.8,803,4.18,7.16,0,0
"2025-04-02 15:46:20","2025-04-07 12:00:00",41,0,1027,14.52,6.31,4,804,3.71,4.54,0,0
"2025-04-02 15:46:20","2025-04-08 12:00:00",49,0,1031,14.88,5.2,4,802,2.61,2.86,0,0
"2025-04-02 15:46:20","2025-04-09 12:00:00",57,0,1033,14.51,6.07,4,801,2.46,3.13,0,0
"2025-04-02 15:47:21","2025-04-02 12:00:00",63,0,1023,12.86,5.53,3.97,800,6.91,14.05,0,0
"2025-04-02 15:47:21","2025-04-03 12:00:00",80,0.84,1022,12.26,6.4,3.36,500,6.89,14.46,0.72,0
"2025-04-02 15:47:21","2025-04-04 12:00:00",81,0.99,1023,13.33,8.57,2.69,500,6.4,14.98,0.55,0
"2025-04-02 15:47:21","2025-04-05 12:00:00",69,0,1025,10.65,5.94,3.27,800,6.37,12.43,0,0
"2025-04-02 15:47:21","2025-04-06 12:00:00",52,0,1023,12.77,5.68,3.8,803,4.18,7.16,0,0
"2025-04-02 15:47:21","2025-04-07 12:00:00",41,0,1027,14.52,6.31,4,804,3.71,4.54,0,0
"2025-04-02 15:47:21","2025-04-08 12:00:00",49,0,1031,14.88,5.2,4,802,2.61,2.86,0,0
"2025-04-02 15:47:21","2025-04-09 12:00:00",57,0,1033,14.51,6.07,4,801,2.46,3.13,0,0
"2025-04-02 15:47:32","2025-04-02 12:00:00",63,0,1023,12.86,5.53,3.97,800,6.91,14.05,0,0
"2025-04-02 15:47:32","2025-04-03 12:00:00",80,0.84,1022,12.26,6.4,3.36,500,6.89,14.46,0.72,0
"2025-04-02 15:47:32","2025-04-04 12:00:00",81,0.99,1023,13.33,8.57,2.69,500,6.4,14.98,0.55,0
"2025-04-02 15:47:32","2025-04-05 12:00:00",69,0,1025,10.65,5.94,3.27,800,6.37,12.43,0,0
"2025-04-02 15:47:32","2025-04-06 12:00:00",52,0,1023,12.77,5.68,3.8,803,4.18,7.16,0,0
"2025-04-02 15:47:32","2025-04-07 12:00:00",41,0,1027,14.52,6.31,4,804,3.71,4.54,0,0
"2025-04-02 15:47:32","2025-04-08 12:00:00",49,0,1031,14.88,5.2,4,802,2.61,2.86,0,0
"2025-04-02 15:47:32","2025-04-09 12:00:00",57,0,1033,14.51,6.07,4,801,2.46,3.13,0,0
"2025-04-02 15:48:32","2025-04-02 12:00:00",63,0,1023,12.9,5.53,3.97,800,6.91,14.05,0,0
"2025-04-02 15:48:32","2025-04-03 12:00:00",80,0.84,1022,12.26,6.4,3.36,500,6.89,14.46,0.72,0
"2025-04-02 15:48:32","2025-04-04 12:00:00",81,0.99,1023,13.33,8.57,2.69,500,6.4,14.98,0.55,0
"2025-04-02 15:48:32","2025-04-05 12:00:00",69,0,1025,10.65,5.94,3.27,800,6.37,12.43,0,0
"2025-04-02 15:48:32","2025-04-06 12:00:00",52,0,1023,12.77,5.68,3.8,803,4.18,7.16,0,0
"2025-04-02 15:48:32","2025-04-07 12:00:00",41,0,1027,14.52,6.31,4,804,3.71,4.54,0,0
"2025-04-02 15:48:32","2025-04-08 12:00:00",49,0,1031,14.88,5.2,4,802,2.61,2.86,0,0
"2025-04-02 15:48:32","2025-04-09 12:00:00",57,0,1033,14.51,6.07,4,801,2.46,3.13,0,0
"2025-04-02 15:49:33","2025-04-02 12:00:00",63,0,1023,12.9,5.53,3.97,800,6.91,14.05,0,0
"2025-04-02 15:49:33","2025-04-03 12:00:00",80,0.84,1022,12.26,6.4,3.36,500,6.89,14.46,0.72,0
"2025-04-02 15:49:33","2025-04-04 12:00:00",81,0.99,1023,13.33,8.57,2.69,500,6.4,14.98,0.55,0
"2025-04-02 15:49:33","2025-04-05 12:00:00",69,0,1025,10.65,5.94,3.27,800,6.37,12.43,0,0
"2025-04-02 15:49:33","2025-04-06 12:00:00",52,0,1023,12.77,5.68,3.8,803,4.18,7.16,0,0
"2025-04-02 15:49:33","2025-04-07 12:00:00",41,0,1027,14.52,6.31,4,804,3.71,4.54,0,0
"2025-04-02 15:49:33","2025-04-08 12:00:00",49,0,1031,14.88,5.2,4,802,2.61,2.86,0,0
"2025-04-02 15:49:33","2025-04-09 12:00:00",57,0,1033,14.51,6.07,4,801,2.46,3.13,0,0
"2025-04-02 15:50:34","2025-04-02 12:00:00",63,0,1023,12.86,5.53,3.97,800,6.91,14.05,0,0
"2025-04-02 15:50:34","2025-04-03 12:00:00",80,0.84,1022,12.26,6.4,3.36,500,6.89,14.46,0.72,0
"2025-04-02 15:50:34","2025-04-04 12:00:00",81,0.99,1023,13.33,8.57,2.69,500,6.4,14.98,0.55,0
"2025-04-02 15:50:34","2025-04-05 12:00:00",69,0,1025,10.65,5.94,3.27,800,6.37,12.43,0,0
"2025-04-02 15:50:34","2025-04-06 12:00:00",52,0,1023,12.77,5.68,3.8,803,4.18,7.16,0,0
"2025-04-02 15:50:34","2025-04-07 12:00:00",41,0,1027,14.52,6.31,4,804,3.71,4.54,0,0
"2025-04-02 15:50:34","2025-04-08 12:00:00",49,0,1031,14.88,5.2,4,802,2.61,2.86,0,0
"2025-04-02 15:50:34","2025-04-09 12:00:00",57,0,1033,14.51,6.07,4,801,2.46,3.13,0,0
"2025-04-02 16:52:12","2025-04-02 12:00:00",62,0,1023,13.11,5.53,3.97,800,6.91,14.05,0,0
"2025-04-02 16:52:12","2025-04-03 12:00:00",80,0.84,1022,12.26,6.4,3.36,500,6.89,14.46,0.72,0
"2025-04-02 16:52:12","2025-04-04 12:00:00",81,0.99,1023,13.33,8.57,2.69,500,6.4,14.98,0.55,0
"2025-04-02 16:52:12","2025-04-05 12:00:00",69,0,1025,10.65,5.94,3.27,800,6.37,12.43,0,0
"2025-04-02 16:52:12","2025-04-06 12:00:00",52,0,1023,12.77,5.68,3.8,803,4.18,7.16,0,0
"2025-04-02 16:52:12","2025-04-07 12:00:00",41,0,1027,14.52,6.31,4,804,3.71,4.54,0,0
"2025-04-02 16:52:12","2025-04-08 12:00:00",49,0,1031,14.88,5.2,4,802,2.61,2.86,0,0
"2025-04-02 16:52:12","2025-04-09 12:00:00",57,0,1033,14.51,6.07,4,801,2.46,3.13,0,0
"2025-04-02 17:52:13","2025-04-02 12:00:00",62,0,1023,13.38,6.58,3.97,800,6.91,14.05,0,0
"2025-04-02 17:52:13","2025-04-03 12:00:00",80,0.84,1022,12.26,6.4,3.36,500,6.89,14.46,0.72,0
"2025-04-02 17:52:13","2025-04-04 12:00:00",81,0.99,1023,13.33,8.57,2.69,500,6.4,14.98,0.55,0
"2025-04-02 17:52:13","2025-04-05 12:00:00",69,0,1025,10.65,5.94,3.27,800,6.37,12.43,0,0
"2025-04-02 17:52:13","2025-04-06 12:00:00",52,0,1023,12.77,5.68,3.8,803,4.18,7.16,0,0
"2025-04-02 17:52:13","2025-04-07 12:00:00",41,0,1027,14.52,6.31,4,804,3.71,4.54,0,0
"2025-04-02 17:52:13","2025-04-08 12:00:00",49,0,1031,14.88,5.2,4,802,2.61,2.86,0,0
"2025-04-02 17:52:13","2025-04-09 12:00:00",57,0,1033,14.51,6.07,4,801,2.46,3.13,0,0
"2025-04-02 18:52:13","2025-04-02 12:00:00",62,0,1023,13.38,6.58,3.97,800,6.91,14.05,0,0
"2025-04-02 18:52:13","2025-04-03 12:00:00",80,0.82,1022,12.45,7.01,3.31,500,6.56,14.68,0.78,0
"2025-04-02 18:52:13","2025-04-04 12:00:00",94,1,1024,12.66,9.05,2.26,500,6.29,15.16,0.91,0
"2025-04-02 18:52:13","2025-04-05 12:00:00",70,0,1025,10.53,6.23,3.54,800,6.4,11.63,0,0
"2025-04-02 18:52:13","2025-04-06 12:00:00",55,0,1024,12.29,5.7,3.73,803,4.55,8.21,0,0
"2025-04-02 18:52:13","2025-04-07 12:00:00",50,0,1027,15.04,6.64,3.39,803,3.11,4.08,0,0
"2025-04-02 18:52:13","2025-04-08 12:00:00",49,0,1031,14.75,5.28,4,802,3.41,3.75,0,0
"2025-04-02 18:52:13","2025-04-09 12:00:00",58,0,1035,14.53,6.35,4,800,2.75,2.7,0,0
"2025-04-02 19:52:13","2025-04-02 12:00:00",62,0,1023,13.38,6.58,3.97,800,6.91,14.05,0,0
"2025-04-02 19:52:13","2025-04-03 12:00:00",80,0.82,1022,12.45,7.01,3.31,500,6.56,14.68,0.78,0
"2025-04-02 19:52:13","2025-04-04 12:00:00",94,1,1024,12.66,9.05,2.26,500,6.29,15.16,0.91,0
"2025-04-02 19:52:13","2025-04-05 12:00:00",70,0,1025,10.53,6.23,3.54,800,6.4,11.63,0,0
"2025-04-02 19:52:13","2025-04-06 12:00:00",55,0,1024,12.29,5.7,3.73,803,4.55,8.21,0,0
"2025-04-02 19:52:13","2025-04-07 12:00:00",50,0,1027,15.04,6.64,3.39,803,3.11,4.08,0,0
"2025-04-02 19:52:13","2025-04-08 12:00:00",49,0,1031,14.75,5.28,4,802,3.41,3.75,0,0
"2025-04-02 19:52:13","2025-04-09 12:00:00",58,0,1035,14.53,6.35,4,800,2.75,2.7,0,0
"2025-04-02 20:52:13","2025-04-02 12:00:00",62,0,1023,13.38,6.58,3.97,800,6.91,14.05,0,0
"2025-04-02 20:52:13","2025-04-03 12:00:00",80,0.82,1022,12.45,7.01,3.31,500,6.56,14.68,0.78,0
"2025-04-02 20:52:13","2025-04-04 12:00:00",94,1,1024,12.66,9.05,2.26,500,6.29,15.16,0.91,0
"2025-04-02 20:52:13","2025-04-05 12:00:00",70,0,1025,10.53,6.23,3.54,800,6.4,11.63,0,0
"2025-04-02 20:52:13","2025-04-06 12:00:00",55,0,1024,12.29,5.7,3.73,803,4.55,8.21,0,0
"2025-04-02 20:52:13","2025-04-07 12:00:00",50,0,1027,15.04,6.64,3.39,803,3.11,4.08,0,0
"2025-04-02 20:52:13","2025-04-08 12:00:00",49,0,1031,14.75,5.28,4,802,3.41,3.75,0,0
"2025-04-02 20:52:13","2025-04-09 12:00:00",58,0,1035,14.53,6.35,4,800,2.75,2.7,0,0
"2025-04-02 21:52:14","2025-04-02 12:00:00",62,0,1023,13.38,6.58,3.97,800,6.91,14.05,0,0
"2025-04-02 21:52:14","2025-04-03 12:00:00",80,0.82,1022,12.45,7.01,3.31,500,6.56,14.68,0.78,0
"2025-04-02 21:52:14","2025-04-04 12:00:00",94,1,1024,12.66,9.05,2.26,500,6.29,15.16,0.91,0
"2025-04-02 21:52:14","2025-04-05 12:00:00",70,0,1025,10.53,6.23,3.54,800,6.4,11.63,0,0
"2025-04-02 21:52:14","2025-04-06 12:00:00",55,0,1024,12.29,5.7,3.73,803,4.55,8.21,0,0
"2025-04-02 21:52:14","2025-04-07 12:00:00",50,0,1027,15.04,6.64,3.39,803,3.11,4.08,0,0
"2025-04-02 21:52:14","2025-04-08 12:00:00",49,0,1031,14.75,5.28,4,802,3.41,3.75,0,0
"2025-04-02 21:52:14","2025-04-09 12:00:00",58,0,1035,14.53,6.35,4,800,2.75,2.7,0,0
"2025-04-02 22:52:14","2025-04-02 12:00:00",62,0,1023,13.38,6.58,3.97,800,6.91,14.05,0,0
"2025-04-02 22:52:14","2025-04-03 12:00:00",80,0.82,1022,12.45,7.01,3.31,500,6.56,14.68,0.78,0
"2025-04-02 22:52:14","2025-04-04 12:00:00",94,1,1024,12.66,9.05,2.26,500,6.29,15.16,0.91,0
"2025-04-02 22:52:14","2025-04-05 12:00:00",70,0,1025,10.53,6.23,3.54,800,6.4,11.63,0,0
"2025-04-02 22:52:14","2025-04-06 12:00:00",55,0,1024,12.29,5.7,3.73,803,4.55,9.38,0,0
"2025-04-02 22:52:14","2025-04-07 12:00:00",50,0,1027,15.04,6.64,3.39,803,3.11,4.08,0,0
"2025-04-02 22:52:14","2025-04-08 12:00:00",49,0,1031,14.75,5.28,4,802,3.41,3.75,0,0
"2025-04-02 22:52:14","2025-04-09 12:00:00",58,0,1035,14.53,6.35,4,800,2.75,2.7,0,0
"2025-04-02 23:52:14","2025-04-03 12:00:00",80,0.82,1022,12.45,7.01,3.31,500,6.56,14.68,0.78,0
"2025-04-02 23:52:14","2025-04-04 12:00:00",94,1,1024,12.66,9.05,2.26,500,6.29,15.16,0.91,0
"2025-04-02 23:52:14","2025-04-05 12:00:00",70,0,1025,10.53,6.23,3.54,800,6.4,11.63,0,0
"2025-04-02 23:52:14","2025-04-06 12:00:00",55,0,1024,12.29,5.7,3.73,803,4.55,9.38,0,0
"2025-04-02 23:52:14","2025-04-07 12:00:00",50,0,1027,15.04,6.64,3.39,803,3.11,4.08,0,0
"2025-04-02 23:52:14","2025-04-08 12:00:00",49,0,1031,14.75,5.28,4,802,3.41,3.75,0,0
"2025-04-02 23:52:14","2025-04-09 12:00:00",58,0,1035,14.53,6.35,4,800,2.75,2.7,0,0
"2025-04-02 23:52:14","2025-04-10 12:00:00",44,0,1033,18.03,6.95,4,801,2.88,3.53,0,0
"2025-04-03 00:52:14","2025-04-03 12:00:00",82,0.87,1021,13.77,7.53,3.31,500,6.79,15.28,0.91,0
"2025-04-03 00:52:14","2025-04-04 12:00:00",82,1,1023,12.67,9.47,2.26,501,5.79,14.86,1.36,0
"2025-04-03 00:52:14","2025-04-05 12:00:00",72,0,1024,10.68,6.16,3.54,800,6.06,11.15,0,0
"2025-04-03 00:52:14","2025-04-06 12:00:00",55,0,1023,12.94,5.96,3.73,801,4.29,8.35,0,0
"2025-04-03 00:52:14","2025-04-07 12:00:00",54,0,1025,14.32,6.51,3.39,801,4.04,4.96,0,0
"2025-04-03 00:52:14","2025-04-08 12:00:00",54,0,1030,14.13,5.99,4,801,3.66,3.49,0,0
"2025-04-03 00:52:14","2025-04-09 12:00:00",57,0,1034,14.67,6.62,4,800,2.89,4.19,0,0
"2025-04-03 00:52:14","2025-04-10 12:00:00",59,0,1035,14.8,7.02,4,801,2.33,3.02,0,0
"2025-04-03 01:52:15","2025-04-03 12:00:00",82,0.87,1021,13.77,7.61,3.31,500,6.79,15.28,0.91,0
"2025-04-03 01:52:15","2025-04-04 12:00:00",82,1,1023,12.67,9.47,2.26,501,5.79,14.86,1.36,0
"2025-04-03 01:52:15","2025-04-05 12:00:00",72,0,1024,10.68,6.16,3.54,800,6.06,11.15,0,0
"2025-04-03 01:52:15","2025-04-06 12:00:00",55,0,1023,12.94,5.96,3.73,801,4.29,8.35,0,0
"2025-04-03 01:52:15","2025-04-07 12:00:00",54,0,1025,14.32,6.51,3.39,801,4.04,4.96,0,0
"2025-04-03 01:52:15","2025-04-08 12:00:00",54,0,1030,14.13,5.99,4,801,3.66,3.49,0,0
"2025-04-03 01:52:15","2025-04-09 12:00:00",57,0,1034,14.67,6.62,4,800,2.89,4.19,0,0
"2025-04-03 01:52:15","2025-04-10 12:00:00",59,0,1035,14.8,7.02,4,801,2.33,3.02,0,0
"2025-04-03 02:52:15","2025-04-03 12:00:00",82,0.87,1021,13.77,7.53,3.31,500,6.79,15.28,0.91,0
"2025-04-03 02:52:15","2025-04-04 12:00:00",82,1,1023,12.67,9.47,2.26,501,5.79,14.86,1.36,0
"2025-04-03 02:52:15","2025-04-05 12:00:00",72,0,1024,10.68,6.16,3.54,800,6.06,11.15,0,0
"2025-04-03 02:52:15","2025-04-06 12:00:00",55,0,1023,12.94,5.96,3.73,801,4.29,8.35,0,0
"2025-04-03 02:52:15","2025-04-07 12:00:00",54,0,1025,14.32,6.51,3.39,801,4.04,4.96,0,0
"2025-04-03 02:52:15","2025-04-08 12:00:00",54,0,1030,14.13,5.99,4,801,3.66,3.49,0,0
"2025-04-03 02:52:15","2025-04-09 12:00:00",57,0,1034,14.67,6.62,4,800,2.89,4.19,0,0
"2025-04-03 02:52:15","2025-04-10 12:00:00",59,0,1035,14.8,7.02,4,801,2.33,3.02,0,0
"2025-04-03 03:52:15","2025-04-03 12:00:00",82,0.87,1021,13.77,7.4,3.31,500,6.79,15.28,0.91,0
"2025-04-03 03:52:15","2025-04-04 12:00:00",82,1,1023,12.67,9.47,2.26,501,5.79,14.86,1.36,0
"2025-04-03 03:52:15","2025-04-05 12:00:00",72,0,1024,10.68,6.16,3.54,800,6.06,11.15,0,0
"2025-04-03 03:52:15","2025-04-06 12:00:00",55,0,1023,12.94,5.96,3.73,801,4.29,8.35,0,0
"2025-04-03 03:52:15","2025-04-07 12:00:00",54,0,1025,14.32,6.51,3.39,801,4.04,4.96,0,0
"2025-04-03 03:52:15","2025-04-08 12:00:00",54,0,1030,14.13,5.99,4,801,3.66,3.49,0,0
"2025-04-03 03:52:15","2025-04-09 12:00:00",57,0,1034,14.67,6.62,4,800,2.89,4.19,0,0
"2025-04-03 03:52:15","2025-04-10 12:00:00",59,0,1035,14.8,7.02,4,801,2.33,3.02,0,0
"2025-04-03 04:52:15","2025-04-03 12:00:00",82,0.87,1021,13.77,7.4,3.31,500,6.79,15.28,0.91,0
"2025-04-03 04:52:15","2025-04-04 12:00:00",82,1,1023,12.67,9.47,2.26,501,5.79,14.86,1.36,0
"2025-04-03 04:52:15","2025-04-05 12:00:00",72,0,1024,10.68,6.16,3.54,800,6.06,11.15,0,0
"2025-04-03 04:52:15","2025-04-06 12:00:00",55,0,1023,12.94,5.96,3.73,801,4.29,8.35,0,0
"2025-04-03 04:52:15","2025-04-07 12:00:00",54,0,1025,14.32,6.51,3.39,801,4.04,4.96,0,0
"2025-04-03 04:52:15","2025-04-08 12:00:00",54,0,1030,14.13,5.99,4,801,3.66,3.49,0,0
"2025-04-03 04:52:15","2025-04-09 12:00:00",57,0,1034,14.67,6.62,4,800,2.89,4.19,0,0
"2025-04-03 04:52:15","2025-04-10 12:00:00",59,0,1035,14.8,7.02,4,801,2.33,3.02,0,0
"2025-04-03 05:52:16","2025-04-03 12:00:00",82,0.87,1021,13.77,7.4,3.31,500,6.79,15.28,0.91,0
"2025-04-03 05:52:16","2025-04-04 12:00:00",82,1,1023,12.67,9.47,2.26,501,5.79,14.86,1.36,0
"2025-04-03 05:52:16","2025-04-05 12:00:00",72,0,1024,10.68,6.16,3.54,800,6.06,11.15,0,0
"2025-04-03 05:52:16","2025-04-06 12:00:00",55,0,1023,12.94,5.96,3.73,801,4.29,8.35,0,0
"2025-04-03 05:52:16","2025-04-07 12:00:00",54,0,1025,14.32,6.51,3.39,801,4.04,4.96,0,0
"2025-04-03 05:52:16","2025-04-08 12:00:00",54,0,1030,14.13,5.99,4,801,3.66,3.49,0,0
"2025-04-03 05:52:16","2025-04-09 12:00:00",57,0,1034,14.67,6.62,4,800,2.89,4.19,0,0
"2025-04-03 05:52:16","2025-04-10 12:00:00",59,0,1035,14.8,7.02,4,801,2.33,3.02,0,0
"2025-04-03 06:52:16","2025-04-03 12:00:00",80,1,1021,14.64,7.34,3.31,500,6.27,15.03,1.59,0
"2025-04-03 06:52:16","2025-04-04 12:00:00",82,1,1023,12.67,9.47,2.26,500,5.96,14.86,1.03,0
"2025-04-03 06:52:16","2025-04-05 12:00:00",72,0,1024,10.68,6.16,3.54,800,6.06,11.15,0,0
"2025-04-03 06:52:16","2025-04-06 12:00:00",55,0,1023,12.94,5.96,3.73,801,4.29,8.35,0,0
"2025-04-03 06:52:16","2025-04-07 12:00:00",54,0,1025,14.32,6.51,3.39,801,4.04,4.96,0,0
"2025-04-03 06:52:16","2025-04-08 12:00:00",54,0,1030,14.13,5.99,4,801,3.66,3.49,0,0
"2025-04-03 06:52:16","2025-04-09 12:00:00",57,0,1034,14.67,6.62,4,800,2.89,4.19,0,0
"2025-04-03 06:52:16","2025-04-10 12:00:00",59,0,1035,14.8,7.02,4,801,2.33,3.02,0,0
"2025-04-03 07:52:16","2025-04-03 12:00:00",82,1,1021,14.64,7.07,3.31,500,6.27,15.03,1.59,0
"2025-04-03 07:52:16","2025-04-04 12:00:00",89,1,1023,12.52,9.41,2.26,500,5.96,14.82,1.48,0
"2025-04-03 07:52:16","2025-04-05 12:00:00",72,0,1024,10.72,6.32,3.54,800,6.06,12.44,0,0
"2025-04-03 07:52:16","2025-04-06 12:00:00",54,0,1023,13.06,6.01,3.73,802,4.22,8.06,0,0
"2025-04-03 07:52:16","2025-04-07 12:00:00",51,0,1026,14.89,6.66,3.39,803,3.53,4.07,0,0
"2025-04-03 07:52:16","2025-04-08 12:00:00",50,0,1028,13.68,5.38,4,802,2.86,2.61,0,0
"2025-04-03 07:52:16","2025-04-09 12:00:00",62,0,1032,11.19,6.05,4,800,3.91,6.54,0,0
"2025-04-03 07:52:16","2025-04-10 12:00:00",60,0,1032,12.66,5.94,4,801,2.9,4.71,0,0
"2025-04-03 08:52:16","2025-04-03 12:00:00",80,1,1021,14.64,6.89,3.31,500,6.27,15.03,1.59,0
"2025-04-03 08:52:16","2025-04-04 12:00:00",89,1,1023,12.52,9.41,2.26,500,5.96,14.82,1.48,0
"2025-04-03 08:52:16","2025-04-05 12:00:00",72,0,1024,10.72,6.32,3.54,800,6.06,12.44,0,0
"2025-04-03 08:52:16","2025-04-06 12:00:00",54,0,1023,13.06,6.01,3.73,802,4.22,8.06,0,0
"2025-04-03 08:52:16","2025-04-07 12:00:00",51,0,1026,14.89,6.66,3.39,803,3.53,4.07,0,0
"2025-04-03 08:52:16","2025-04-08 12:00:00",50,0,1028,13.68,5.38,4,802,2.86,2.61,0,0
"2025-04-03 08:52:16","2025-04-09 12:00:00",62,0,1032,11.19,6.05,4,800,3.91,6.54,0,0
"2025-04-03 08:52:16","2025-04-10 12:00:00",60,0,1032,12.66,5.94,4,801,2.9,4.71,0,0
"2025-04-03 09:52:17","2025-04-03 12:00:00",80,1,1021,14.64,6.83,3.31,500,6.27,15.03,1.59,0
"2025-04-03 09:52:17","2025-04-04 12:00:00",89,1,1023,12.52,9.41,2.26,500,5.96,14.82,1.48,0
"2025-04-03 09:52:17","2025-04-05 12:00:00",72,0,1024,10.72,6.32,3.54,800,6.06,12.44,0,0
"2025-04-03 09:52:17","2025-04-06 12:00:00",54,0,1023,13.06,6.01,3.73,802,4.22,8.06,0,0
"2025-04-03 09:52:17","2025-04-07 12:00:00",51,0,1026,14.89,6.66,3.39,803,3.53,4.07,0,0
"2025-04-03 09:52:17","2025-04-08 12:00:00",50,0,1028,13.68,5.38,4,802,2.86,2.61,0,0
"2025-04-03 09:52:17","2025-04-09 12:00:00",62,0,1032,11.19,6.05,4,800,3.91,6.54,0,0
"2025-04-03 09:52:17","2025-04-10 12:00:00",60,0,1032,12.66,5.94,4,801,2.9,4.71,0,0
"2025-04-03 10:52:17","2025-04-03 12:00:00",76,1,1021,13.79,6.83,3.31,500,6.27,15.03,1.59,0
"2025-04-03 10:52:17","2025-04-04 12:00:00",89,1,1023,12.52,9.41,2.26,500,5.96,14.82,1.48,0
"2025-04-03 10:52:17","2025-04-05 12:00:00",72,0,1024,10.72,6.32,3.54,800,6.06,12.44,0,0
"2025-04-03 10:52:17","2025-04-06 12:00:00",54,0,1023,13.06,6.01,3.73,802,4.22,8.06,0,0
"2025-04-03 10:52:17","2025-04-07 12:00:00",51,0,1026,14.89,6.66,3.39,803,3.53,4.07,0,0
"2025-04-03 10:52:17","2025-04-08 12:00:00",50,0,1028,13.68,5.38,4,802,2.86,2.61,0,0
"2025-04-03 10:52:17","2025-04-09 12:00:00",62,0,1032,11.19,6.05,4,800,3.91,6.54,0,0
"2025-04-03 10:52:17","2025-04-10 12:00:00",60,0,1032,12.66,5.94,4,801,2.9,4.71,0,0
"2025-04-03 11:52:17","2025-04-03 12:00:00",76,1,1021,13.15,6.83,3.31,500,6.27,15.03,1.59,0
"2025-04-03 11:52:17","2025-04-04 12:00:00",89,1,1023,12.52,9.41,2.26,500,5.96,14.82,1.48,0
"2025-04-03 11:52:17","2025-04-05 12:00:00",72,0,1024,10.72,6.32,3.54,800,6.06,12.44,0,0
"2025-04-03 11:52:17","2025-04-06 12:00:00",54,0,1023,13.06,6.01,3.73,802,4.22,8.06,0,0
"2025-04-03 11:52:17","2025-04-07 12:00:00",51,0,1026,14.89,6.66,3.39,803,3.53,4.07,0,0
"2025-04-03 11:52:17","2025-04-08 12:00:00",50,0,1028,13.68,5.38,4,802,2.86,2.61,0,0
"2025-04-03 11:52:17","2025-04-09 12:00:00",62,0,1032,11.19,6.05,4,800,3.91,6.54,0,0
"2025-04-03 11:52:17","2025-04-10 12:00:00",60,0,1032,12.66,5.94,4,801,2.9,4.71,0,0
"2025-04-03 12:52:17","2025-04-03 12:00:00",80,0.76,1021,12.12,6.83,3.31,500,5.88,14.67,0.59,0
"2025-04-03 12:52:17","2025-04-04 12:00:00",82,1,1022,13.46,9.37,2.26,500,5.77,13.8,1.59,0
"2025-04-03 12:52:17","2025-04-05 12:00:00",70,0,1024,10.63,6.35,3.54,800,6.31,13.1,0,0
"2025-04-03 12:52:17","2025-04-06 12:00:00",54,0,1024,11.99,5.33,3.73,800,3.97,6.49,0,0
"2025-04-03 12:52:17","2025-04-07 12:00:00",42,0,1027,13.84,6.09,3.39,800,3.59,5.14,0,0
"2025-04-03 12:52:17","2025-04-08 12:00:00",44,0,1030,13.69,4.8,4,800,2.84,3.02,0,0
"2025-04-03 12:52:17","2025-04-09 12:00:00",61,0,1033,13.25,5.89,4,800,3.15,4.35,0,0
"2025-04-03 12:52:17","2025-04-10 12:00:00",58,0,1029,17.71,5.93,4,800,2.68,3.19,0,0
"2025-04-03 13:52:18","2025-04-03 12:00:00",79,0.76,1020,12.46,6.83,3.31,500,5.88,14.67,0.59,0
"2025-04-03 13:52:18","2025-04-04 12:00:00",82,1,1022,13.46,9.37,2.26,500,5.77,13.8,1.59,0
"2025-04-03 13:52:18","2025-04-05 12:00:00",70,0,1024,10.63,6.35,3.54,800,6.31,13.1,0,0
"2025-04-03 13:52:18","2025-04-06 12:00:00",54,0,1024,11.99,5.33,3.73,800,4.28,6.49,0,0
"2025-04-03 13:52:18","2025-04-07 12:00:00",42,0,1027,13.84,6.09,3.39,800,3.59,5.14,0,0
"2025-04-03 13:52:18","2025-04-08 12:00:00",44,0,1030,13.69,4.8,4,800,2.84,3.02,0,0
"2025-04-03 13:52:18","2025-04-09 12:00:00",61,0,1033,13.25,5.89,4,800,3.15,4.35,0,0
"2025-04-03 13:52:18","2025-04-10 12:00:00",58,0,1029,17.71,5.93,4,800,2.68,3.19,0,0
"2025-04-03 14:52:18","2025-04-03 12:00:00",77,0.76,1020,13.01,6.83,3.31,500,5.88,14.67,0.59,0
"2025-04-03 14:52:18","2025-04-04 12:00:00",82,1,1022,13.46,9.37,2.26,500,5.77,13.8,1.59,0
"2025-04-03 14:52:18","2025-04-05 12:00:00",70,0,1024,10.63,6.35,3.54,800,6.31,13.1,0,0
"2025-04-03 14:52:18","2025-04-06 12:00:00",54,0,1024,11.99,5.33,3.73,800,4.28,6.49,0,0
"2025-04-03 14:52:18","2025-04-07 12:00:00",42,0,1027,13.84,6.09,3.39,800,3.59,5.14,0,0
"2025-04-03 14:52:18","2025-04-08 12:00:00",44,0,1030,13.69,4.8,4,800,2.84,3.02,0,0
"2025-04-03 14:52:18","2025-04-09 12:00:00",61,0,1033,13.25,5.89,4,800,3.15,4.35,0,0
"2025-04-03 14:52:18","2025-04-10 12:00:00",58,0,1029,17.71,5.93,4,800,2.68,3.19,0,0
"2025-04-03 15:52:18","2025-04-03 12:00:00",78,0.76,1020,13.25,6.83,3.31,500,5.88,14.67,0.59,0
"2025-04-03 15:52:18","2025-04-04 12:00:00",82,1,1022,13.46,9.37,2.26,500,5.77,13.8,1.59,0
"2025-04-03 15:52:18","2025-04-05 12:00:00",70,0,1024,10.63,6.35,3.54,800,6.31,13.1,0,0
"2025-04-03 15:52:18","2025-04-06 12:00:00",54,0,1024,11.99,5.33,3.73,800,4.28,6.49,0,0
"2025-04-03 15:52:18","2025-04-07 12:00:00",42,0,1027,13.84,6.09,3.39,800,3.59,5.14,0,0
"2025-04-03 15:52:18","2025-04-08 12:00:00",44,0,1030,13.69,4.8,4,800,2.84,3.02,0,0
"2025-04-03 15:52:18","2025-04-09 12:00:00",61,0,1033,13.25,5.89,4,800,3.15,4.35,0,0
"2025-04-03 15:52:18","2025-04-10 12:00:00",58,0,1029,17.71,5.93,4,800,2.68,3.19,0,0
"2025-04-03 16:52:18","2025-04-03 12:00:00",79,0.76,1020,13.74,6.83,3.31,500,5.88,14.67,0.48,0
"2025-04-03 16:52:18","2025-04-04 12:00:00",82,1,1022,13.46,9.37,2.26,500,5.77,13.8,1.59,0
"2025-04-03 16:52:18","2025-04-05 12:00:00",70,0,1024,10.63,6.35,3.54,800,6.31,13.1,0,0
"2025-04-03 16:52:18","2025-04-06 12:00:00",54,0,1024,12,5.33,3.73,800,4.28,6.49,0,0
"2025-04-03 16:52:18","2025-04-07 12:00:00",42,0,1027,13.84,6.09,3.39,800,3.59,5.14,0,0
"2025-04-03 16:52:18","2025-04-08 12:00:00",44,0,1030,13.69,4.8,4,800,2.84,3.02,0,0
"2025-04-03 16:52:18","2025-04-09 12:00:00",61,0,1033,13.25,5.89,4,800,3.15,4.35,0,0
"2025-04-03 16:52:18","2025-04-10 12:00:00",58,0,1029,17.71,5.93,4,800,2.68,3.19,0,0
"2025-04-03 17:52:19","2025-04-03 12:00:00",79,0.76,1020,13.24,6.83,3.31,500,5.88,14.67,0.22,0
"2025-04-03 17:52:19","2025-04-04 12:00:00",82,1,1022,13.46,9.37,2.26,500,5.77,13.8,1.59,0
"2025-04-03 17:52:19","2025-04-05 12:00:00",70,0,1024,10.63,6.35,3.54,800,6.31,13.1,0,0
"2025-04-03 17:52:19","2025-04-06 12:00:00",54,0,1024,12,5.33,3.73,800,4.28,6.49,0,0
"2025-04-03 17:52:19","2025-04-07 12:00:00",42,0,1027,13.84,6.09,3.39,800,3.59,5.14,0,0
"2025-04-03 17:52:19","2025-04-08 12:00:00",44,0,1030,13.69,4.8,4,800,2.84,3.02,0,0
"2025-04-03 17:52:19","2025-04-09 12:00:00",61,0,1033,13.25,5.89,4,800,3.15,4.35,0,0
"2025-04-03 17:52:19","2025-04-10 12:00:00",58,0,1029,17.71,5.93,4,800,2.68,3.19,0,0
"2025-04-03 18:52:19","2025-04-03 12:00:00",79,0,1020,13.31,6.83,3.3,803,5.7,13.77,0,0
"2025-04-03 18:52:19","2025-04-04 12:00:00",90,1,1021,14.09,9.25,1.6,500,5.49,14.93,2.4,0
"2025-04-03 18:52:19","2025-04-05 12:00:00",71,0,1023,10.81,6.45,3.26,800,6.1,12.3,0,0
"2025-04-03 18:52:19","2025-04-06 12:00:00",54,0,1024,12.49,5.65,3.87,800,4.32,8.05,0,0
"2025-04-03 18:52:19","2025-04-07 12:00:00",41,0,1026,13.84,6.22,3.73,800,3.57,5.45,0,0
"2025-04-03 18:52:19","2025-04-08 12:00:00",50,0,1029,13.89,4.43,3.35,800,2.85,2.1,0,0
"2025-04-03 18:52:19","2025-04-09 12:00:00",64,0,1031,11.69,5.61,4,800,3.86,6.03,0,0
"2025-04-03 18:52:19","2025-04-10 12:00:00",64,0,1026,14.45,5.58,4,801,2.39,2.75,0,0
"2025-04-03 19:52:19","2025-04-03 12:00:00",79,0.2,1020,13.65,6.83,3.3,500,5.7,13.77,0.44,0
"2025-04-03 19:52:19","2025-04-04 12:00:00",90,1,1021,14.09,9.25,1.6,500,5.49,14.93,2.4,0
"2025-04-03 19:52:19","2025-04-05 12:00:00",71,0,1023,10.81,6.45,3.26,800,6.1,12.3,0,0
"2025-04-03 19:52:19","2025-04-06 12:00:00",54,0,1024,12.49,5.65,3.87,800,4.32,8.05,0,0
"2025-04-03 19:52:19","2025-04-07 12:00:00",41,0,1026,13.84,6.22,3.73,800,3.57,5.45,0,0
"2025-04-03 19:52:19","2025-04-08 12:00:00",50,0,1029,13.89,4.43,3.35,800,2.85,2.1,0,0
"2025-04-03 19:52:19","2025-04-09 12:00:00",64,0,1031,11.69,5.61,4,800,3.86,6.03,0,0
"2025-04-03 19:52:19","2025-04-10 12:00:00",64,0,1026,14.45,5.58,4,801,2.39,2.75,0,0
"2025-04-03 20:52:19","2025-04-03 12:00:00",79,0.2,1020,13.65,6.83,3.3,500,5.7,13.77,1,0
"2025-04-03 20:52:19","2025-04-04 12:00:00",90,1,1021,14.09,9.25,1.6,500,5.49,14.93,2.18,0
"2025-04-03 20:52:19","2025-04-05 12:00:00",71,0,1023,10.81,6.45,3.26,800,6.1,12.3,0,0
"2025-04-03 20:52:19","2025-04-06 12:00:00",54,0,1024,12.49,5.65,3.87,800,4.32,8.05,0,0
"2025-04-03 20:52:19","2025-04-07 12:00:00",41,0,1026,13.84,6.22,3.73,800,3.57,5.45,0,0
"2025-04-03 20:52:19","2025-04-08 12:00:00",50,0,1029,13.89,4.43,3.35,800,2.85,2.1,0,0
"2025-04-03 20:52:19","2025-04-09 12:00:00",64,0,1031,11.69,5.61,4,800,3.86,6.03,0,0
"2025-04-03 20:52:19","2025-04-10 12:00:00",64,0,1026,14.45,5.58,4,801,2.39,2.75,0,0
"2025-04-03 21:52:20","2025-04-03 12:00:00",79,0.2,1020,13.65,6.83,3.3,500,5.7,13.77,0.42,0
"2025-04-03 21:52:20","2025-04-04 12:00:00",90,1,1021,14.09,9.25,1.6,500,5.49,14.93,1.64,0
"2025-04-03 21:52:20","2025-04-05 12:00:00",71,0,1023,10.81,6.45,3.26,800,6.1,12.3,0,0
"2025-04-03 21:52:20","2025-04-06 12:00:00",54,0,1024,12.49,5.65,3.87,800,4.32,8.05,0,0
"2025-04-03 21:52:20","2025-04-07 12:00:00",41,0,1026,13.84,6.22,3.73,800,3.57,5.45,0,0
"2025-04-03 21:52:20","2025-04-08 12:00:00",50,0,1029,13.89,4.43,3.35,800,2.85,2.1,0,0
"2025-04-03 21:52:20","2025-04-09 12:00:00",64,0,1031,11.69,5.61,4,800,3.86,6.03,0,0
"2025-04-03 21:52:20","2025-04-10 12:00:00",64,0,1026,14.45,5.58,4,801,2.39,2.75,0,0
"2025-04-03 22:52:20","2025-04-03 12:00:00",79,0,1020,13.65,6.83,3.3,803,5.7,13.77,0,0
"2025-04-03 22:52:20","2025-04-04 12:00:00",90,1,1021,14.09,9.25,1.6,500,5.49,14.93,0.99,0
"2025-04-03 22:52:20","2025-04-05 12:00:00",71,0,1023,10.81,6.45,3.26,800,6.1,12.3,0,0
"2025-04-03 22:52:20","2025-04-06 12:00:00",54,0,1024,12.49,5.65,3.87,800,4.32,8.05,0,0
"2025-04-03 22:52:20","2025-04-07 12:00:00",41,0,1026,13.84,6.22,3.73,800,3.57,5.45,0,0
"2025-04-03 22:52:20","2025-04-08 12:00:00",50,0,1029,13.89,4.43,3.35,800,2.85,2.1,0,0
"2025-04-03 22:52:20","2025-04-09 12:00:00",64,0,1031,11.69,5.61,4,800,3.86,6.03,0,0
"2025-04-03 22:52:20","2025-04-10 12:00:00",64,0,1026,14.45,5.58,4,801,2.39,2.75,0,0
"2025-04-03 23:52:20","2025-04-04 12:00:00",90,0.82,1021,14.09,9.25,1.6,500,5.49,14.93,0.44,0
"2025-04-03 23:52:20","2025-04-05 12:00:00",71,0,1023,10.81,6.45,3.26,800,6.1,12.3,0,0
"2025-04-03 23:52:20","2025-04-06 12:00:00",54,0,1024,12.49,5.65,3.87,800,4.32,8.05,0,0
"2025-04-03 23:52:20","2025-04-07 12:00:00",41,0,1026,13.84,6.22,3.73,800,3.57,5.45,0,0
"2025-04-03 23:52:20","2025-04-08 12:00:00",50,0,1029,13.89,4.43,3.35,800,2.85,2.1,0,0
"2025-04-03 23:52:20","2025-04-09 12:00:00",64,0,1031,11.69,5.61,4,800,3.86,6.03,0,0
"2025-04-03 23:52:20","2025-04-10 12:00:00",64,0,1026,14.45,5.58,4,801,2.39,2.75,0,0
"2025-04-03 23:52:20","2025-04-11 12:00:00",62,0,1015,13.49,5.85,4,804,3.04,2.87,0,0
"2025-04-04 00:52:20","2025-04-04 12:00:00",89,0.85,1021,13.75,9.19,1.6,500,5.58,14.41,1.33,0
"2025-04-04 00:52:20","2025-04-05 12:00:00",71,0,1023,10.81,6.45,3.26,800,6.1,12.18,0,0
"2025-04-04 00:52:20","2025-04-06 12:00:00",54,0,1024,12.49,5.65,3.87,800,4.32,8.05,0,0
"2025-04-04 00:52:20","2025-04-07 12:00:00",41,0,1026,13.84,6.22,3.73,800,3.57,5.45,0,0
"2025-04-04 00:52:20","2025-04-08 12:00:00",50,0,1029,13.89,4.43,3.35,800,2.85,2.1,0,0
"2025-04-04 00:52:20","2025-04-09 12:00:00",64,0,1031,11.69,5.61,4,800,3.86,6.03,0,0
"2025-04-04 00:52:20","2025-04-10 12:00:00",64,0,1026,14.45,5.58,4,801,2.39,2.75,0,0
"2025-04-04 00:52:20","2025-04-11 12:00:00",62,0,1015,13.49,5.85,4,804,3.04,2.87,0,0
"2025-04-04 01:52:20","2025-04-04 12:00:00",89,1,1021,13.75,9.19,1.6,501,5.58,14.41,3.1,0
"2025-04-04 01:52:20","2025-04-05 12:00:00",71,0,1023,10.41,6.25,3.26,800,6.35,12.18,0,0
"2025-04-04 01:52:20","2025-04-06 12:00:00",56,0,1024,12.29,5.24,3.87,800,4.62,8.46,0,0
"2025-04-04 01:52:20","2025-04-07 12:00:00",55,0,1027,14.29,6.28,3.73,800,3.18,3.44,0,0
"2025-04-04 01:52:20","2025-04-08 12:00:00",48,0,1030,13.42,5.2,3.35,800,2.83,2.75,0,0
"2025-04-04 01:52:20","2025-04-09 12:00:00",72,0,1032,12.24,5.77,4,801,3.89,5.34,0,0
"2025-04-04 01:52:20","2025-04-10 12:00:00",56,0,1026,13.64,5.98,4,800,3.09,3.12,0,0
"2025-04-04 01:52:20","2025-04-11 12:00:00",49,0,1012,14.18,4.77,4,800,3.13,3.85,0,0
"2025-04-04 02:52:21","2025-04-04 12:00:00",89,1,1021,13.75,9.19,1.6,501,5.58,14.41,3.63,0
"2025-04-04 02:52:21","2025-04-05 12:00:00",71,0,1023,10.41,6.25,3.26,800,6.35,12.18,0,0
"2025-04-04 02:52:21","2025-04-06 12:00:00",56,0,1024,12.29,5.24,3.87,800,4.62,8.46,0,0
"2025-04-04 02:52:21","2025-04-07 12:00:00",55,0,1027,14.29,6.28,3.73,800,3.18,3.44,0,0
"2025-04-04 02:52:21","2025-04-08 12:00:00",48,0,1030,13.42,5.2,3.35,800,2.83,2.75,0,0
"2025-04-04 02:52:21","2025-04-09 12:00:00",72,0,1032,12.24,5.77,4,801,3.89,5.34,0,0
"2025-04-04 02:52:21","2025-04-10 12:00:00",56,0,1026,13.64,5.98,4,800,3.09,3.12,0,0
"2025-04-04 02:52:21","2025-04-11 12:00:00",49,0,1012,14.18,4.77,4,800,3.13,3.85,0,0
"2025-04-04 03:52:21","2025-04-04 12:00:00",89,1,1021,13.75,9.19,1.6,501,5.58,14.41,3.63,0
"2025-04-04 03:52:21","2025-04-05 12:00:00",71,0,1023,10.41,6.25,3.26,800,6.35,12.18,0,0
"2025-04-04 03:52:21","2025-04-06 12:00:00",56,0,1024,12.29,5.24,3.87,800,4.62,8.46,0,0
"2025-04-04 03:52:21","2025-04-07 12:00:00",55,0,1027,14.29,6.28,3.73,800,3.18,3.44,0,0
"2025-04-04 03:52:21","2025-04-08 12:00:00",48,0,1030,13.42,5.2,3.35,800,2.83,2.75,0,0
"2025-04-04 03:52:21","2025-04-09 12:00:00",72,0,1032,12.24,5.77,4,801,3.89,5.34,0,0
"2025-04-04 03:52:21","2025-04-10 12:00:00",56,0,1026,13.64,5.98,4,800,3.09,3.12,0,0
"2025-04-04 03:52:21","2025-04-11 12:00:00",49,0,1012,14.18,4.77,4,800,3.13,3.85,0,0
"2025-04-04 04:52:21","2025-04-04 12:00:00",89,1,1021,13.75,9.19,1.6,501,5.58,14.41,3.63,0
"2025-04-04 04:52:21","2025-04-05 12:00:00",71,0,1023,10.41,6.25,3.26,800,6.35,12.18,0,0
"2025-04-04 04:52:21","2025-04-06 12:00:00",56,0,1024,12.29,5.24,3.87,800,4.62,8.46,0,0
"2025-04-04 04:52:21","2025-04-07 12:00:00",55,0,1027,14.29,6.28,3.73,800,3.18,3.44,0,0
"2025-04-04 04:52:21","2025-04-08 12:00:00",48,0,1030,13.42,5.2,3.35,800,2.83,2.75,0,0
"2025-04-04 04:52:21","2025-04-09 12:00:00",72,0,1032,12.24,5.77,4,801,3.89,5.34,0,0
"2025-04-04 04:52:21","2025-04-10 12:00:00",56,0,1026,13.64,5.98,4,800,3.09,3.12,0,0
"2025-04-04 04:52:21","2025-04-11 12:00:00",49,0,1012,14.18,4.77,4,800,3.13,3.85,0,0
"2025-04-04 05:52:21","2025-04-04 12:00:00",89,1,1021,13.45,9.19,1.6,501,5.58,14.41,3.63,0
"2025-04-04 05:52:21","2025-04-05 12:00:00",71,0,1023,10.41,6.25,3.26,800,6.35,12.18,0,0
"2025-04-04 05:52:21","2025-04-06 12:00:00",56,0,1024,12.29,5.24,3.87,800,4.62,8.46,0,0
"2025-04-04 05:52:21","2025-04-07 12:00:00",55,0,1027,14.29,6.28,3.73,800,3.18,3.44,0,0
"2025-04-04 05:52:21","2025-04-08 12:00:00",48,0,1030,13.42,5.2,3.35,800,2.83,2.75,0,0
"2025-04-04 05:52:21","2025-04-09 12:00:00",72,0,1032,12.24,5.77,4,801,3.89,5.34,0,0
"2025-04-04 05:52:21","2025-04-10 12:00:00",56,0,1026,13.64,5.98,4,800,3.09,3.12,0,0
"2025-04-04 05:52:21","2025-04-11 12:00:00",49,0,1012,14.18,4.77,4,800,3.13,3.85,0,0
"2025-04-04 06:52:22","2025-04-04 12:00:00",90,1,1021,13.23,10.14,1.6,501,5.87,14.65,4.72,0
"2025-04-04 06:52:22","2025-04-05 12:00:00",71,0,1023,10.41,6.25,3.26,800,6.35,12.6,0,0
"2025-04-04 06:52:22","2025-04-06 12:00:00",56,0,1024,12.29,5.24,3.87,800,4.62,8.46,0,0
"2025-04-04 06:52:22","2025-04-07 12:00:00",55,0,1027,14.29,6.28,3.73,800,3.18,3.44,0,0
"2025-04-04 06:52:22","2025-04-08 12:00:00",48,0,1030,13.42,5.2,3.35,800,2.83,2.75,0,0
"2025-04-04 06:52:22","2025-04-09 12:00:00",72,0,1032,12.24,5.77,4,801,3.89,5.34,0,0
"2025-04-04 06:52:22","2025-04-10 12:00:00",56,0,1026,13.64,5.98,4,800,3.09,3.12,0,0
"2025-04-04 06:52:22","2025-04-11 12:00:00",49,0,1012,14.18,4.77,4,800,3.13,3.85,0,0
"2025-04-04 07:52:22","2025-04-04 12:00:00",88,1,1021,13.23,10.14,1.6,501,5.87,14.65,4.81,0
"2025-04-04 07:52:22","2025-04-05 12:00:00",72,0,1023,10.48,6.39,3.26,800,6.17,12.6,0,0
"2025-04-04 07:52:22","2025-04-06 12:00:00",57,0,1024,12.38,5.37,3.87,800,4.43,8.25,0,0
"2025-04-04 07:52:22","2025-04-07 12:00:00",49,0,1027,14.42,6.11,3.73,800,3.29,4.95,0,0
"2025-04-04 07:52:22","2025-04-08 12:00:00",51,0,1031,14.22,4.87,3.35,800,3.1,2.76,0,0
"2025-04-04 07:52:22","2025-04-09 12:00:00",58,0,1035,13.73,5.83,4,800,3.32,4.88,0,0
"2025-04-04 07:52:22","2025-04-10 12:00:00",50,0,1032,16.7,6.07,4,800,1.86,1.74,0,0
"2025-04-04 07:52:22","2025-04-11 12:00:00",47,0,1018,15.28,7.48,4,802,2.31,1.96,0,0
"2025-04-04 08:52:22","2025-04-04 12:00:00",87,1,1021,13.23,10.14,1.6,501,5.87,14.65,4.19,0
"2025-04-04 08:52:22","2025-04-05 12:00:00",72,0,1023,10.48,6.39,3.26,800,6.17,12.6,0,0
"2025-04-04 08:52:22","2025-04-06 12:00:00",57,0,1024,12.38,5.37,3.87,800,4.43,8.25,0,0
"2025-04-04 08:52:22","2025-04-07 12:00:00",49,0,1027,14.42,6.11,3.73,800,3.29,4.95,0,0
"2025-04-04 08:52:22","2025-04-08 12:00:00",51,0,1031,14.22,4.87,3.35,800,3.1,2.76,0,0
"2025-04-04 08:52:22","2025-04-09 12:00:00",58,0,1035,13.73,5.83,4,800,3.32,4.88,0,0
"2025-04-04 08:52:22","2025-04-10 12:00:00",50,0,1032,16.7,6.07,4,800,1.86,1.74,0,0
"2025-04-04 08:52:22","2025-04-11 12:00:00",47,0,1018,15.28,7.48,4,802,2.31,1.96,0,0
"2025-04-04 09:52:22","2025-04-04 12:00:00",88,1,1021,13.23,10.14,1.6,501,5.87,14.65,4.06,0
"2025-04-04 09:52:22","2025-04-05 12:00:00",72,0,1023,10.48,6.39,3.26,800,6.17,12.6,0,0
"2025-04-04 09:52:22","2025-04-06 12:00:00",57,0,1024,12.38,5.37,3.87,800,4.43,8.25,0,0
"2025-04-04 09:52:22","2025-04-07 12:00:00",49,0,1027,14.42,6.11,3.73,800,3.29,4.95,0,0
"2025-04-04 09:52:22","2025-04-08 12:00:00",51,0,1031,14.22,4.87,3.35,800,3.1,2.76,0,0
"2025-04-04 09:52:22","2025-04-09 12:00:00",58,0,1035,13.73,5.83,4,800,3.32,4.88,0,0
"2025-04-04 09:52:22","2025-04-10 12:00:00",50,0,1032,16.7,6.07,4,800,1.86,1.74,0,0
"2025-04-04 09:52:22","2025-04-11 12:00:00",47,0,1018,15.28,7.48,4,802,2.31,1.96,0,0
"2025-04-04 10:52:23","2025-04-04 12:00:00",89,1,1021,13.23,10.14,1.6,501,5.87,14.65,3.89,0
"2025-04-04 10:52:23","2025-04-05 12:00:00",72,0,1023,10.48,6.39,3.26,800,6.17,12.6,0,0
"2025-04-04 10:52:23","2025-04-06 12:00:00",57,0,1024,12.38,5.37,3.87,800,4.43,8.25,0,0
"2025-04-04 10:52:23","2025-04-07 12:00:00",49,0,1027,14.42,6.11,3.73,800,3.42,4.95,0,0
"2025-04-04 10:52:23","2025-04-08 12:00:00",51,0,1031,14.22,4.87,3.35,800,3.1,2.76,0,0
"2025-04-04 10:52:23","2025-04-09 12:00:00",58,0,1035,13.73,5.83,4,800,3.32,4.88,0,0
"2025-04-04 10:52:23","2025-04-10 12:00:00",50,0,1032,16.7,6.07,4,800,1.86,1.74,0,0
"2025-04-04 10:52:23","2025-04-11 12:00:00",47,0,1018,15.28,7.48,4,802,2.31,1.96,0,0
"2025-04-04 11:52:23","2025-04-04 12:00:00",82,1,1021,14.13,10.14,1.6,501,5.87,14.65,3.48,0
"2025-04-04 11:52:23","2025-04-05 12:00:00",72,0,1023,10.48,6.39,3.26,800,6.17,12.6,0,0
"2025-04-04 11:52:23","2025-04-06 12:00:00",57,0,1024,12.38,5.37,3.87,800,4.43,8.25,0,0
"2025-04-04 11:52:23","2025-04-07 12:00:00",49,0,1027,14.42,6.11,3.73,800,3.42,4.95,0,0
"2025-04-04 11:52:23","2025-04-08 12:00:00",51,0,1031,14.22,4.87,3.35,800,3.1,2.76,0,0
"2025-04-04 11:52:23","2025-04-09 12:00:00",58,0,1035,13.73,5.83,4,800,3.32,4.88,0,0
"2025-04-04 11:52:23","2025-04-10 12:00:00",50,0,1032,16.7,6.07,4,800,1.86,1.74,0,0
"2025-04-04 11:52:23","2025-04-11 12:00:00",47,0,1018,15.28,7.48,4,802,2.31,1.96,0,0
"2025-04-04 12:52:23","2025-04-04 12:00:00",84,1,1021,12.48,9.85,1.6,501,5.29,13.98,3.47,0
"2025-04-04 12:52:23","2025-04-05 12:00:00",71,0,1023,10.59,6.85,3.26,800,6.2,11.8,0,0
"2025-04-04 12:52:23","2025-04-06 12:00:00",59,0,1024,12.35,5.4,3.87,800,4.41,8.16,0,0
"2025-04-04 12:52:23","2025-04-07 12:00:00",48,0,1027,13.97,5.93,3.73,800,3.13,4.77,0,0
"2025-04-04 12:52:23","2025-04-08 12:00:00",46,0,1032,13.85,5,3.35,800,2.52,2.69,0,0
"2025-04-04 12:52:23","2025-04-09 12:00:00",59,0,1035,12.47,6.37,4,800,3.5,5.85,0,0
"2025-04-04 12:52:23","2025-04-10 12:00:00",52,0,1032,13.28,5.9,4,800,2.5,2.93,0,0
"2025-04-04 12:52:23","2025-04-11 12:00:00",63,0,1019,15.36,6.3,4,800,2.64,2.47,0,0
"2025-04-04 13:52:23","2025-04-04 12:00:00",84,1,1021,12.84,9.85,1.6,501,5.29,13.98,3.58,0
"2025-04-04 13:52:23","2025-04-05 12:00:00",71,0,1023,10.59,6.85,3.26,800,6.2,11.8,0,0
"2025-04-04 13:52:23","2025-04-06 12:00:00",59,0,1024,12.35,5.4,3.87,800,4.41,8.16,0,0
"2025-04-04 13:52:23","2025-04-07 12:00:00",48,0,1027,14.31,5.93,3.73,800,3.13,4.77,0,0
"2025-04-04 13:52:23","2025-04-08 12:00:00",46,0,1032,13.85,5,3.35,800,2.52,2.69,0,0
"2025-04-04 13:52:23","2025-04-09 12:00:00",59,0,1035,12.47,6.37,4,800,3.5,5.85,0,0
"2025-04-04 13:52:23","2025-04-10 12:00:00",52,0,1032,13.28,5.9,4,800,2.5,2.93,0,0
"2025-04-04 13:52:23","2025-04-11 12:00:00",63,0,1019,15.36,6.3,4,800,2.64,2.47,0,0
"2025-04-04 14:52:24","2025-04-04 12:00:00",82,1,1021,13.18,9.85,1.6,501,5.29,13.98,3.58,0
"2025-04-04 14:52:24","2025-04-05 12:00:00",71,0,1023,10.59,6.85,3.26,800,6.2,11.8,0,0
"2025-04-04 14:52:24","2025-04-06 12:00:00",59,0,1024,12.35,5.4,3.87,800,4.41,8.16,0,0
"2025-04-04 14:52:24","2025-04-07 12:00:00",48,0,1027,14.31,5.93,3.73,800,3.13,4.77,0,0
"2025-04-04 14:52:24","2025-04-08 12:00:00",46,0,1032,13.85,5,3.35,800,2.52,2.69,0,0
"2025-04-04 14:52:24","2025-04-09 12:00:00",59,0,1035,12.47,6.37,4,800,3.5,5.85,0,0
"2025-04-04 14:52:24","2025-04-10 12:00:00",52,0,1032,13.28,5.9,4,800,2.5,2.93,0,0
"2025-04-04 14:52:24","2025-04-11 12:00:00",63,0,1019,15.36,6.3,4,800,2.64,2.47,0,0
"2025-04-04 15:52:24","2025-04-04 12:00:00",83,1,1021,13.18,9.85,1.6,501,5.29,13.98,3.58,0
"2025-04-04 15:52:24","2025-04-05 12:00:00",71,0,1023,10.59,6.85,3.26,800,6.2,11.8,0,0
"2025-04-04 15:52:24","2025-04-06 12:00:00",59,0,1024,12.35,5.4,3.87,800,4.41,8.16,0,0
"2025-04-04 15:52:24","2025-04-07 12:00:00",48,0,1027,14.31,5.93,3.73,800,3.13,4.77,0,0
"2025-04-04 15:52:24","2025-04-08 12:00:00",46,0,1032,13.85,5,3.35,800,2.52,2.69,0,0
"2025-04-04 15:52:24","2025-04-09 12:00:00",59,0,1035,12.47,6.37,4,800,3.5,5.85,0,0
"2025-04-04 15:52:24","2025-04-10 12:00:00",52,0,1032,13.28,5.9,4,800,2.5,2.93,0,0
"2025-04-04 15:52:24","2025-04-11 12:00:00",63,0,1019,15.36,6.3,4,800,2.64,2.47,0,0
"2025-04-04 16:52:24","2025-04-04 12:00:00",85,1,1021,13.48,9.85,1.6,501,5.29,13.98,3.58,0
"2025-04-04 16:52:24","2025-04-05 12:00:00",71,0,1023,10.59,6.85,3.26,800,6.2,11.8,0,0
"2025-04-04 16:52:24","2025-04-06 12:00:00",59,0,1024,12.35,5.4,3.87,800,4.41,8.16,0,0
"2025-04-04 16:52:24","2025-04-07 12:00:00",48,0,1027,14.31,5.93,3.73,800,3.13,4.77,0,0
"2025-04-04 16:52:24","2025-04-08 12:00:00",46,0,1032,13.85,5,3.35,800,2.52,2.69,0,0
"2025-04-04 16:52:24","2025-04-09 12:00:00",59,0,1035,12.47,6.37,4,800,3.5,5.85,0,0
"2025-04-04 16:52:24","2025-04-10 12:00:00",52,0,1032,13.28,5.9,4,800,2.5,2.93,0,0
"2025-04-04 16:52:24","2025-04-11 12:00:00",63,0,1019,15.36,6.3,4,800,2.64,2.47,0,0
"2025-04-04 17:52:24","2025-04-04 12:00:00",85,1,1021,13.22,10.18,1.6,501,5.29,13.98,3.58,0
"2025-04-04 17:52:24","2025-04-05 12:00:00",71,0,1023,10.59,6.85,3.26,800,6.2,11.8,0,0
"2025-04-04 17:52:24","2025-04-06 12:00:00",59,0,1024,12.35,5.4,3.87,800,4.41,8.16,0,0
"2025-04-04 17:52:24","2025-04-07 12:00:00",48,0,1027,14.31,5.93,3.73,800,3.13,4.77,0,0
"2025-04-04 17:52:24","2025-04-08 12:00:00",46,0,1032,13.85,5,3.35,800,2.52,2.69,0,0
"2025-04-04 17:52:24","2025-04-09 12:00:00",59,0,1035,12.47,6.37,4,800,3.5,5.85,0,0
"2025-04-04 17:52:24","2025-04-10 12:00:00",52,0,1032,13.28,5.9,4,800,2.5,2.93,0,0
"2025-04-04 17:52:24","2025-04-11 12:00:00",63,0,1019,15.36,6.3,4,800,2.64,2.47,0,0
"2025-04-04 18:52:25","2025-04-04 12:00:00",85,1,1021,13.18,10.18,1.92,501,5.68,14.86,3.58,0
"2025-04-04 18:52:25","2025-04-05 12:00:00",73,0,1023,12.25,7.1,3.4,800,6.02,12.59,0,0
"2025-04-04 18:52:25","2025-04-06 12:00:00",55,0,1024,12.33,5.4,3.81,800,4.28,7.29,0,0
"2025-04-04 18:52:25","2025-04-07 12:00:00",40,0,1027,14.22,6.01,3.74,800,3.6,4.71,0,0
"2025-04-04 18:52:25","2025-04-08 12:00:00",47,0,1031,13.95,4.92,3.4,800,2.56,2.8,0,0
"2025-04-04 18:52:25","2025-04-09 12:00:00",60,0,1034,12.11,5.68,3.45,800,3.57,5.27,0,0
"2025-04-04 18:52:25","2025-04-10 12:00:00",47,0,1032,16.57,5.67,4,800,1.9,2.02,0,0
"2025-04-04 18:52:25","2025-04-11 12:00:00",53,0,1021,14.66,6.01,4,800,2.73,4.1,0,0
"2025-04-04 19:52:25","2025-04-04 12:00:00",85,1,1021,13.18,10.18,1.92,501,5.68,14.86,3.58,0
"2025-04-04 19:52:25","2025-04-05 12:00:00",73,0,1023,12.25,7.1,3.4,800,6.02,12.59,0,0
"2025-04-04 19:52:25","2025-04-06 12:00:00",55,0,1024,12.33,5.4,3.81,800,4.28,7.29,0,0
"2025-04-04 19:52:25","2025-04-07 12:00:00",40,0,1027,14.22,6.01,3.74,800,3.6,4.71,0,0
"2025-04-04 19:52:25","2025-04-08 12:00:00",47,0,1031,13.95,4.92,3.4,800,2.56,2.8,0,0
"2025-04-04 19:52:25","2025-04-09 12:00:00",60,0,1034,12.11,5.68,3.45,800,3.57,5.27,0,0
"2025-04-04 19:52:25","2025-04-10 12:00:00",47,0,1032,16.57,5.67,4,800,1.9,2.02,0,0
"2025-04-04 19:52:25","2025-04-11 12:00:00",53,0,1021,14.66,6.01,4,800,2.73,4.1,0,0
"2025-04-04 20:52:25","2025-04-04 12:00:00",85,1,1021,13.18,10.18,1.92,501,5.68,14.86,3.58,0
"2025-04-04 20:52:25","2025-04-05 12:00:00",73,0,1023,12.25,7.1,3.4,800,6.02,12.59,0,0
"2025-04-04 20:52:25","2025-04-06 12:00:00",55,0,1024,12.33,5.4,3.81,800,4.28,7.29,0,0
"2025-04-04 20:52:25","2025-04-07 12:00:00",40,0,1027,14.22,6.01,3.74,800,3.6,4.71,0,0
"2025-04-04 20:52:25","2025-04-08 12:00:00",47,0,1031,13.95,4.92,3.4,800,2.56,2.8,0,0
"2025-04-04 20:52:25","2025-04-09 12:00:00",60,0,1034,12.11,5.68,3.45,800,3.57,5.27,0,0
"2025-04-04 20:52:25","2025-04-10 12:00:00",47,0,1032,16.57,5.67,4,800,1.9,2.02,0,0
"2025-04-04 20:52:25","2025-04-11 12:00:00",53,0,1021,14.66,6.01,4,800,2.73,4.1,0,0
"2025-04-04 21:52:25","2025-04-04 12:00:00",85,1,1021,13.18,10.18,1.92,501,5.68,14.86,3.58,0
"2025-04-04 21:52:25","2025-04-05 12:00:00",73,0,1023,12.25,7.1,3.4,800,6.02,12.59,0,0
"2025-04-04 21:52:25","2025-04-06 12:00:00",55,0,1024,12.33,5.4,3.81,800,4.28,7.29,0,0
"2025-04-04 21:52:25","2025-04-07 12:00:00",40,0,1027,14.22,6.01,3.74,800,3.6,4.71,0,0
"2025-04-04 21:52:25","2025-04-08 12:00:00",47,0,1031,13.95,4.92,3.4,800,2.56,2.8,0,0
"2025-04-04 21:52:25","2025-04-09 12:00:00",60,0,1034,12.11,5.68,3.45,800,3.57,5.27,0,0
"2025-04-04 21:52:25","2025-04-10 12:00:00",47,0,1032,16.57,5.67,4,800,1.9,2.02,0,0
"2025-04-04 21:52:25","2025-04-11 12:00:00",53,0,1021,14.66,6.01,4,800,2.73,4.1,0,0
"2025-04-04 22:52:25","2025-04-04 12:00:00",85,1,1021,13.18,9.72,1.92,501,5.68,14.86,3.36,0
"2025-04-04 22:52:25","2025-04-05 12:00:00",73,0,1023,12.25,7.1,3.4,800,6.02,12.59,0,0
"2025-04-04 22:52:25","2025-04-06 12:00:00",55,0,1024,12.33,5.4,3.81,800,4.28,7.29,0,0
"2025-04-04 22:52:25","2025-04-07 12:00:00",40,0,1027,14.22,6.01,3.74,800,3.6,4.71,0,0
"2025-04-04 22:52:25","2025-04-08 12:00:00",47,0,1031,13.95,4.92,3.4,800,2.56,2.8,0,0
"2025-04-04 22:52:25","2025-04-09 12:00:00",60,0,1034,12.11,5.68,3.45,800,3.57,5.27,0,0
"2025-04-04 22:52:25","2025-04-10 12:00:00",47,0,1032,16.57,5.67,4,800,1.9,2.02,0,0
"2025-04-04 22:52:25","2025-04-11 12:00:00",53,0,1021,14.66,6.01,4,800,2.73,4.1,0,0
"2025-04-04 23:52:26","2025-04-05 12:00:00",73,0,1023,12.25,7.1,3.4,800,6.02,12.59,0,0
"2025-04-04 23:52:26","2025-04-06 12:00:00",55,0,1024,12.33,5.4,3.81,800,4.28,7.29,0,0
"2025-04-04 23:52:26","2025-04-07 12:00:00",40,0,1027,14.22,6.01,3.74,800,3.6,4.71,0,0
"2025-04-04 23:52:26","2025-04-08 12:00:00",47,0,1031,13.95,4.92,3.4,800,2.56,2.8,0,0
"2025-04-04 23:52:26","2025-04-09 12:00:00",60,0,1034,12.11,5.68,3.45,800,3.57,5.27,0,0
"2025-04-04 23:52:26","2025-04-10 12:00:00",47,0,1032,16.57,5.67,4,800,1.9,2.02,0,0
"2025-04-04 23:52:26","2025-04-11 12:00:00",53,0,1021,14.66,6.01,4,800,2.73,4.1,0,0
"2025-04-04 23:52:26","2025-04-12 12:00:00",71,0,1016,12.82,7.7,4,804,3.7,7.83,0,0
"2025-04-05 00:52:26","2025-04-05 12:00:00",73,0,1023,12.4,7.43,3.4,800,6,12.59,0,0
"2025-04-05 00:52:26","2025-04-06 12:00:00",54,0,1024,12.15,5.32,3.81,800,4.06,7.11,0,0
"2025-04-05 00:52:26","2025-04-07 12:00:00",41,0,1027,14.43,6.16,3.74,800,3.56,4.6,0,0
"2025-04-05 00:52:26","2025-04-08 12:00:00",46,0,1031,13.45,4.71,3.4,800,2.68,3.34,0,0
"2025-04-05 00:52:26","2025-04-09 12:00:00",58,0,1034,11.24,5.38,3.45,801,4.08,6.17,0,0
"2025-04-05 00:52:26","2025-04-10 12:00:00",50,0,1031,14.9,5.4,4,802,2.05,1.91,0,0
"2025-04-05 00:52:26","2025-04-11 12:00:00",59,0,1025,14.3,6.9,4,804,2.6,2.96,0,0
"2025-04-05 00:52:26","2025-04-12 12:00:00",68,0,1019,13.64,7.59,4,804,3.37,6.03,0,0
"2025-04-05 01:52:26","2025-04-05 12:00:00",73,0,1023,12.4,7.63,3.4,800,6,12.59,0,0
"2025-04-05 01:52:26","2025-04-06 12:00:00",54,0,1024,12.15,5.32,3.81,800,4.06,7.11,0,0
"2025-04-05 01:52:26","2025-04-07 12:00:00",41,0,1027,14.43,6.16,3.74,800,3.56,4.6,0,0
"2025-04-05 01:52:26","2025-04-08 12:00:00",46,0,1031,13.45,4.71,3.4,800,2.68,3.34,0,0
"2025-04-05 01:52:26","2025-04-09 12:00:00",58,0,1034,11.24,5.38,3.45,801,4.08,6.17,0,0
"2025-04-05 01:52:26","2025-04-10 12:00:00",50,0,1031,14.9,5.4,4,802,2.05,1.91,0,0
"2025-04-05 01:52:26","2025-04-11 12:00:00",59,0,1025,14.3,6.9,4,804,2.6,2.96,0,0
"2025-04-05 01:52:26","2025-04-12 12:00:00",68,0,1019,13.64,7.59,4,804,3.37,6.03,0,0
"2025-04-05 02:52:26","2025-04-05 12:00:00",73,0,1023,12.4,7.61,3.4,800,6,12.59,0,0
"2025-04-05 02:52:26","2025-04-06 12:00:00",54,0,1024,12.15,5.32,3.81,800,4.06,7.11,0,0
"2025-04-05 02:52:26","2025-04-07 12:00:00",41,0,1027,14.43,6.16,3.74,800,3.56,4.6,0,0
"2025-04-05 02:52:26","2025-04-08 12:00:00",46,0,1031,13.45,4.71,3.4,800,2.68,3.34,0,0
"2025-04-05 02:52:26","2025-04-09 12:00:00",58,0,1034,11.24,5.38,3.45,801,4.08,6.17,0,0
"2025-04-05 02:52:26","2025-04-10 12:00:00",50,0,1031,14.9,5.4,4,802,2.05,1.91,0,0
"2025-04-05 02:52:26","2025-04-11 12:00:00",59,0,1025,14.3,6.9,4,804,2.6,2.96,0,0
"2025-04-05 02:52:26","2025-04-12 12:00:00",68,0,1019,13.64,7.59,4,804,3.37,6.03,0,0
"2025-04-05 03:52:27","2025-04-05 12:00:00",73,0,1023,12.4,7.53,3.4,800,6,12.59,0,0
"2025-04-05 03:52:27","2025-04-06 12:00:00",54,0,1024,12.15,5.32,3.81,800,4.06,7.11,0,0
"2025-04-05 03:52:27","2025-04-07 12:00:00",41,0,1027,14.43,6.16,3.74,800,3.56,4.6,0,0
"2025-04-05 03:52:27","2025-04-08 12:00:00",46,0,1031,13.45,4.71,3.4,800,2.68,3.34,0,0
"2025-04-05 03:52:27","2025-04-09 12:00:00",58,0,1034,11.24,5.38,3.45,801,4.08,6.17,0,0
"2025-04-05 03:52:27","2025-04-10 12:00:00",50,0,1031,14.9,5.4,4,802,2.05,1.91,0,0
"2025-04-05 03:52:27","2025-04-11 12:00:00",59,0,1025,14.3,6.9,4,804,2.6,2.96,0,0
"2025-04-05 03:52:27","2025-04-12 12:00:00",68,0,1019,13.64,7.59,4,804,3.37,6.03,0,0
"2025-04-05 04:52:27","2025-04-05 12:00:00",73,0,1023,12.4,7.12,3.4,800,6,12.59,0,0
"2025-04-05 04:52:27","2025-04-06 12:00:00",54,0,1024,12.15,5.32,3.81,800,4.06,7.11,0,0
"2025-04-05 04:52:27","2025-04-07 12:00:00",41,0,1027,14.43,6.16,3.74,800,3.56,4.6,0,0
"2025-04-05 04:52:27","2025-04-08 12:00:00",46,0,1031,13.45,4.67,3.4,800,2.68,3.34,0,0
"2025-04-05 04:52:27","2025-04-09 12:00:00",58,0,1034,11.24,5.38,3.45,801,4.08,6.17,0,0
"2025-04-05 04:52:27","2025-04-10 12:00:00",50,0,1031,14.9,5.4,4,802,2.05,1.91,0,0
"2025-04-05 04:52:27","2025-04-11 12:00:00",59,0,1025,14.3,6.9,4,804,2.6,2.96,0,0
"2025-04-05 04:52:27","2025-04-12 12:00:00",68,0,1019,13.64,7.59,4,804,3.37,6.03,0,0
"2025-04-05 05:52:27","2025-04-05 12:00:00",73,0,1023,12.4,6.84,3.4,800,6,12.59,0,0
"2025-04-05 05:52:27","2025-04-06 12:00:00",54,0,1024,12.15,5.32,3.81,800,4.06,7.11,0,0
"2025-04-05 05:52:27","2025-04-07 12:00:00",41,0,1027,14.43,6.16,3.74,800,3.56,4.6,0,0
"2025-04-05 05:52:27","2025-04-08 12:00:00",46,0,1031,13.45,4.67,3.4,800,2.68,3.34,0,0
"2025-04-05 05:52:27","2025-04-09 12:00:00",58,0,1034,11.24,5.38,3.45,801,4.08,6.17,0,0
"2025-04-05 05:52:27","2025-04-10 12:00:00",50,0,1031,14.9,5.4,4,802,2.05,1.91,0,0
"2025-04-05 05:52:27","2025-04-11 12:00:00",59,0,1025,14.3,6.9,4,804,2.6,2.96,0,0
"2025-04-05 05:52:27","2025-04-12 12:00:00",68,0,1019,13.64,7.59,4,804,3.37,6.03,0,0
"2025-04-05 06:52:27","2025-04-05 12:00:00",72,0,1023,12.26,7.13,3.4,800,6.01,12.59,0,0
"2025-04-05 06:52:27","2025-04-06 12:00:00",54,0,1024,12.15,5.32,3.81,800,4.06,6.75,0,0
"2025-04-05 06:52:27","2025-04-07 12:00:00",41,0,1027,14.43,6.16,3.74,800,3.56,4.6,0,0
"2025-04-05 06:52:27","2025-04-08 12:00:00",46,0,1031,13.45,4.67,3.4,800,2.68,3.34,0,0
"2025-04-05 06:52:27","2025-04-09 12:00:00",58,0,1034,11.24,5.38,3.45,801,4.08,6.17,0,0
"2025-04-05 06:52:27","2025-04-10 12:00:00",50,0,1031,14.9,5.4,4,802,2.05,1.91,0,0
"2025-04-05 06:52:27","2025-04-11 12:00:00",59,0,1025,14.3,6.9,4,804,2.6,2.96,0,0
"2025-04-05 06:52:27","2025-04-12 12:00:00",68,0,1019,13.64,7.59,4,804,3.37,6.03,0,0
"2025-04-05 07:52:28","2025-04-05 12:00:00",73,0,1023,12.26,7.24,3.4,800,6.01,12.59,0,0
"2025-04-05 07:52:28","2025-04-06 12:00:00",55,0,1024,12.2,5.5,3.81,800,4.11,6.75,0,0
"2025-04-05 07:52:28","2025-04-07 12:00:00",47,0,1027,15.08,6.16,3.74,800,3.46,4.08,0,0
"2025-04-05 07:52:28","2025-04-08 12:00:00",46,0,1030,13.83,5.08,3.4,800,2.56,3.43,0,0
"2025-04-05 07:52:28","2025-04-09 12:00:00",61,0,1034,11.78,5.74,3.45,800,3.44,4.64,0,0
"2025-04-05 07:52:28","2025-04-10 12:00:00",55,0,1032,16.97,5.79,4,801,2.19,2.3,0,0
"2025-04-05 07:52:28","2025-04-11 12:00:00",56,0,1024,15.73,6.46,4,804,2.89,3.76,0,0
"2025-04-05 07:52:28","2025-04-12 12:00:00",63,0,1016,16.19,7.55,4,803,4.73,6.89,0,0
"2025-04-05 08:52:28","2025-04-05 12:00:00",75,0,1023,12.26,6.89,3.4,801,6.01,12.59,0,0
"2025-04-05 08:52:28","2025-04-06 12:00:00",55,0,1024,12.2,5.5,3.81,800,4.11,6.75,0,0
"2025-04-05 08:52:28","2025-04-07 12:00:00",47,0,1027,15.08,6.16,3.74,800,3.46,4.08,0,0
"2025-04-05 08:52:28","2025-04-08 12:00:00",46,0,1030,13.83,5.08,3.4,800,2.56,3.43,0,0
"2025-04-05 08:52:28","2025-04-09 12:00:00",61,0,1034,11.78,5.74,3.45,800,3.44,4.64,0,0
"2025-04-05 08:52:28","2025-04-10 12:00:00",55,0,1032,16.97,5.79,4,801,2.19,2.3,0,0
"2025-04-05 08:52:28","2025-04-11 12:00:00",56,0,1024,15.73,6.46,4,804,2.89,3.76,0,0
"2025-04-05 08:52:28","2025-04-12 12:00:00",63,0,1016,16.19,7.55,4,803,4.73,6.89,0,0
"2025-04-05 09:52:28","2025-04-05 12:00:00",78,0,1022,12.13,6.55,3.4,802,6.01,12.59,0,0
"2025-04-05 09:52:28","2025-04-06 12:00:00",55,0,1024,12.2,5.5,3.81,800,4.11,6.75,0,0
"2025-04-05 09:52:28","2025-04-07 12:00:00",47,0,1027,15.08,6.16,3.74,800,3.46,4.08,0,0
"2025-04-05 09:52:28","2025-04-08 12:00:00",46,0,1030,13.83,5.08,3.4,800,2.56,3.43,0,0
"2025-04-05 09:52:28","2025-04-09 12:00:00",61,0,1034,11.78,5.74,3.45,800,3.44,4.64,0,0
"2025-04-05 09:52:28","2025-04-10 12:00:00",55,0,1032,16.97,5.79,4,801,2.19,2.3,0,0
"2025-04-05 09:52:28","2025-04-11 12:00:00",56,0,1024,15.73,6.46,4,804,2.89,3.76,0,0
"2025-04-05 09:52:28","2025-04-12 12:00:00",63,0,1016,16.19,7.55,4,803,4.73,6.89,0,0
"2025-04-05 10:52:28","2025-04-05 12:00:00",75,0,1022,11.5,6.55,3.4,803,6.01,12.59,0,0
"2025-04-05 10:52:28","2025-04-06 12:00:00",55,0,1024,12.2,5.5,3.81,800,4.11,6.75,0,0
"2025-04-05 10:52:28","2025-04-07 12:00:00",47,0,1027,15.08,6.16,3.74,800,3.46,4.08,0,0
"2025-04-05 10:52:28","2025-04-08 12:00:00",46,0,1030,13.83,5.08,3.4,800,2.56,3.43,0,0
"2025-04-05 10:52:28","2025-04-09 12:00:00",61,0,1034,11.78,5.74,3.45,800,3.44,4.64,0,0
"2025-04-05 10:52:28","2025-04-10 12:00:00",55,0,1032,16.97,5.79,4,801,2.19,2.3,0,0
"2025-04-05 10:52:28","2025-04-11 12:00:00",56,0,1024,15.73,6.46,4,804,2.89,3.76,0,0
"2025-04-05 10:52:28","2025-04-12 12:00:00",63,0,1016,16.19,7.55,4,803,4.73,6.89,0,0
"2025-04-05 11:52:29","2025-04-05 12:00:00",78,0,1022,11.29,6.55,3.4,803,6.01,12.59,0,0
"2025-04-05 11:52:29","2025-04-06 12:00:00",55,0,1024,12.2,5.5,3.81,800,4.11,6.75,0,0
"2025-04-05 11:52:29","2025-04-07 12:00:00",47,0,1027,15.08,6.16,3.74,800,3.46,4.08,0,0
"2025-04-05 11:52:29","2025-04-08 12:00:00",46,0,1030,13.83,5.08,3.4,800,2.56,3.43,0,0
"2025-04-05 11:52:29","2025-04-09 12:00:00",61,0,1034,11.78,5.74,3.45,800,3.44,4.64,0,0
"2025-04-05 11:52:29","2025-04-10 12:00:00",55,0,1032,16.97,5.79,4,801,2.19,2.3,0,0
"2025-04-05 11:52:29","2025-04-11 12:00:00",56,0,1024,15.73,6.46,4,804,2.89,3.76,0,0
"2025-04-05 11:52:29","2025-04-12 12:00:00",63,0,1016,16.19,7.55,4,803,4.73,6.89,0,0
"2025-04-05 12:52:29","2025-04-05 12:00:00",76,0,1022,11.15,6.55,3.4,801,6.01,12.59,0,0
"2025-04-05 12:52:29","2025-04-06 12:00:00",51,0,1024,12.69,5.16,3.81,800,4.03,6.64,0,0
"2025-04-05 12:52:29","2025-04-07 12:00:00",51,0,1026,15.31,6.04,3.74,800,3.36,4.34,0,0
"2025-04-05 12:52:29","2025-04-08 12:00:00",45,0,1030,13.67,5.27,3.4,800,2.7,3.46,0,0
"2025-04-05 12:52:29","2025-04-09 12:00:00",57,0,1033,11.3,5.35,3.45,800,3.35,4.83,0,0
"2025-04-05 12:52:29","2025-04-10 12:00:00",48,0,1031,15.74,5.16,4,800,1.81,1.36,0,0
"2025-04-05 12:52:29","2025-04-11 12:00:00",63,0,1023,16.29,7.28,4,804,2.38,2.63,0,0
"2025-04-05 12:52:29","2025-04-12 12:00:00",57,0,1013,15.01,8.17,4,804,2.51,2.78,0,0
"2025-04-05 13:52:29","2025-04-05 12:00:00",74,0,1022,11.61,6.55,3.4,801,6.01,12.59,0,0
"2025-04-05 13:52:29","2025-04-06 12:00:00",51,0,1024,12.69,5.16,3.81,800,4.03,6.64,0,0
"2025-04-05 13:52:29","2025-04-07 12:00:00",51,0,1026,15.31,6.04,3.74,800,3.36,4.34,0,0
"2025-04-05 13:52:29","2025-04-08 12:00:00",45,0,1030,13.83,5.27,3.4,800,2.84,3.46,0,0
"2025-04-05 13:52:29","2025-04-09 12:00:00",57,0,1033,11.3,5.35,3.45,800,3.35,4.83,0,0
"2025-04-05 13:52:29","2025-04-10 12:00:00",48,0,1031,15.74,5.16,4,800,1.81,1.36,0,0
"2025-04-05 13:52:29","2025-04-11 12:00:00",63,0,1023,16.29,7.28,4,804,2.38,2.63,0,0
"2025-04-05 13:52:29","2025-04-12 12:00:00",57,0,1013,15.01,8.17,4,804,2.51,2.78,0,0
"2025-04-05 14:52:29","2025-04-05 12:00:00",73,0,1022,11.82,6.55,3.4,800,6.01,12.59,0,0
"2025-04-05 14:52:29","2025-04-06 12:00:00",51,0,1024,12.69,5.16,3.81,800,4.03,6.64,0,0
"2025-04-05 14:52:29","2025-04-07 12:00:00",51,0,1026,15.31,6.04,3.74,800,3.36,4.34,0,0
"2025-04-05 14:52:29","2025-04-08 12:00:00",45,0,1030,13.83,5.27,3.4,800,2.84,3.46,0,0
"2025-04-05 14:52:29","2025-04-09 12:00:00",57,0,1033,11.3,5.35,3.45,800,3.35,4.83,0,0
"2025-04-05 14:52:29","2025-04-10 12:00:00",48,0,1031,15.74,5.16,4,800,1.81,1.36,0,0
"2025-04-05 14:52:29","2025-04-11 12:00:00",63,0,1023,16.29,7.28,4,804,2.38,2.63,0,0
"2025-04-05 14:52:29","2025-04-12 12:00:00",57,0,1013,15.01,8.17,4,804,2.51,2.78,0,0
"2025-04-05 15:52:30","2025-04-05 12:00:00",73,0,1022,12.34,6.55,3.4,800,6.01,12.59,0,0
"2025-04-05 15:52:30","2025-04-06 12:00:00",51,0,1024,12.69,5.16,3.81,800,4.03,6.64,0,0
"2025-04-05 15:52:30","2025-04-07 12:00:00",51,0,1026,15.31,6.04,3.74,800,3.36,4.34,0,0
"2025-04-05 15:52:30","2025-04-08 12:00:00",45,0,1030,13.83,5.27,3.4,800,2.84,3.46,0,0
"2025-04-05 15:52:30","2025-04-09 12:00:00",57,0,1033,11.3,5.35,3.45,800,3.35,4.83,0,0
"2025-04-05 15:52:30","2025-04-10 12:00:00",48,0,1031,15.74,5.16,4,800,1.81,1.36,0,0
"2025-04-05 15:52:30","2025-04-11 12:00:00",63,0,1023,16.29,7.28,4,804,2.38,2.63,0,0
"2025-04-05 15:52:30","2025-04-12 12:00:00",57,0,1013,15.01,8.17,4,804,2.51,2.78,0,0
"2025-04-05 16:52:30","2025-04-05 12:00:00",74,0,1022,11.93,6.55,3.4,800,6.01,12.59,0,0
"2025-04-05 16:52:30","2025-04-06 12:00:00",51,0,1024,12.69,5.16,3.81,800,4.03,6.64,0,0
"2025-04-05 16:52:30","2025-04-07 12:00:00",51,0,1026,15.31,6.04,3.74,800,3.36,4.34,0,0
"2025-04-05 16:52:30","2025-04-08 12:00:00",45,0,1030,13.83,5.27,3.4,800,2.84,3.72,0,0
"2025-04-05 16:52:30","2025-04-09 12:00:00",57,0,1033,11.3,5.35,3.45,800,3.35,4.83,0,0
"2025-04-05 16:52:30","2025-04-10 12:00:00",48,0,1031,15.74,5.16,4,800,1.81,1.36,0,0
"2025-04-05 16:52:30","2025-04-11 12:00:00",63,0,1023,16.29,7.28,4,804,2.38,2.63,0,0
"2025-04-05 16:52:30","2025-04-12 12:00:00",57,0,1013,15.01,8.17,4,804,2.51,2.78,0,0
